{
    "info": {
        "_postman_id": "notezque-api-collection",
        "name": "Notezque API",
        "description": "API Documentation for Notezque (Auth, Notes, Tasks, Activities, Materials)",
        "schema": "https://schema.getpostman.com/json/collection/v2.1.0/collection.json"
    },
    "variable": [
        {
            "key": "base_url",
            "value": "http://127.0.0.1:8000/api",
            "type": "string"
        },
        {
            "key": "token",
            "value": "",
            "type": "string"
        }
    ],
    "auth": {
        "type": "bearer",
        "bearer": [
            {
                "key": "token",
                "value": "{{token}}",
                "type": "string"
            }
        ]
    },
    "item": [
        {
            "name": "Auth",
            "item": [
                {
                    "name": "Register",
                    "request": {
                        "auth": {
                            "type": "noauth"
                        },
                        "method": "POST",
                        "header": [
                            {
                                "key": "Accept",
                                "value": "application/json"
                            }
                        ],
                        "body": {
                            "mode": "raw",
                            "raw": "{\n    \"name\": \"Test User\",\n    \"email\": \"test@example.com\",\n    \"password\": \"password\",\n    \"password_confirmation\": \"password\"\n}",
                            "options": {
                                "raw": {
                                    "language": "json"
                                }
                            }
                        },
                        "url": {
                            "raw": "{{base_url}}/auth/register",
                            "host": [
                                "{{base_url}}"
                            ],
                            "path": [
                                "auth",
                                "register"
                            ]
                        }
                    }
                },
                {
                    "name": "Login",
                    "event": [
                        {
                            "listen": "test",
                            "script": {
                                "exec": [
                                    "var jsonData = pm.response.json();",
                                    "if (jsonData.token) {",
                                    "    pm.collectionVariables.set(\"token\", jsonData.token);",
                                    "}"
                                ],
                                "type": "text/javascript"
                            }
                        }
                    ],
                    "request": {
                        "auth": {
                            "type": "noauth"
                        },
                        "method": "POST",
                        "header": [
                            {
                                "key": "Accept",
                                "value": "application/json"
                            }
                        ],
                        "body": {
                            "mode": "raw",
                            "raw": "{\n    \"email\": \"test@example.com\",\n    \"password\": \"password\",\n    \"device_name\": \"mobile-app\"\n}",
                            "options": {
                                "raw": {
                                    "language": "json"
                                }
                            }
                        },
                        "url": {
                            "raw": "{{base_url}}/auth/login",
                            "host": [
                                "{{base_url}}"
                            ],
                            "path": [
                                "auth",
                                "login"
                            ]
                        }
                    }
                },
                {
                    "name": "Me",
                    "request": {
                        "method": "GET",
                        "header": [
                            {
                                "key": "Accept",
                                "value": "application/json"
                            }
                        ],
                        "url": {
                            "raw": "{{base_url}}/auth/me",
                            "host": [
                                "{{base_url}}"
                            ],
                            "path": [
                                "auth",
                                "me"
                            ]
                        }
                    }
                },
                {
                    "name": "Logout",
                    "request": {
                        "method": "POST",
                        "header": [
                            {
                                "key": "Accept",
                                "value": "application/json"
                            }
                        ],
                        "url": {
                            "raw": "{{base_url}}/auth/logout",
                            "host": [
                                "{{base_url}}"
                            ],
                            "path": [
                                "auth",
                                "logout"
                            ]
                        }
                    }
                }
            ]
        },
        {
            "name": "Notes (Catatan)",
            "item": [
                {
                    "name": "List Notes",
                    "request": {
                        "method": "GET",
                        "header": [
                            {
                                "key": "Accept",
                                "value": "application/json"
                            }
                        ],
                        "url": {
                            "raw": "{{base_url}}/notes",
                            "host": [
                                "{{base_url}}"
                            ],
                            "path": [
                                "notes"
                            ]
                        }
                    }
                },
                {
                    "name": "Create Note",
                    "request": {
                        "method": "POST",
                        "header": [
                            {
                                "key": "Accept",
                                "value": "application/json"
                            }
                        ],
                        "body": {
                            "mode": "raw",
                            "raw": "{\n    \"title\": \"My New Note\",\n    \"content\": \"This is the content of the note.\",\n    \"category\": \"work\"\n}",
                            "options": {
                                "raw": {
                                    "language": "json"
                                }
                            }
                        },
                        "url": {
                            "raw": "{{base_url}}/notes",
                            "host": [
                                "{{base_url}}"
                            ],
                            "path": [
                                "notes"
                            ]
                        }
                    }
                },
                {
                    "name": "Show Note",
                    "request": {
                        "method": "GET",
                        "header": [
                            {
                                "key": "Accept",
                                "value": "application/json"
                            }
                        ],
                        "url": {
                            "raw": "{{base_url}}/notes/1",
                            "host": [
                                "{{base_url}}"
                            ],
                            "path": [
                                "notes",
                                "1"
                            ]
                        }
                    }
                },
                {
                    "name": "Update Note",
                    "request": {
                        "method": "PUT",
                        "header": [
                            {
                                "key": "Accept",
                                "value": "application/json"
                            }
                        ],
                        "body": {
                            "mode": "raw",
                            "raw": "{\n    \"title\": \"Updated Title\",\n    \"content\": \"Updated content.\"\n}",
                            "options": {
                                "raw": {
                                    "language": "json"
                                }
                            }
                        },
                        "url": {
                            "raw": "{{base_url}}/notes/1",
                            "host": [
                                "{{base_url}}"
                            ],
                            "path": [
                                "notes",
                                "1"
                            ]
                        }
                    }
                },
                {
                    "name": "Delete Note",
                    "request": {
                        "method": "DELETE",
                        "header": [
                            {
                                "key": "Accept",
                                "value": "application/json"
                            }
                        ],
                        "url": {
                            "raw": "{{base_url}}/notes/1",
                            "host": [
                                "{{base_url}}"
                            ],
                            "path": [
                                "notes",
                                "1"
                            ]
                        }
                    }
                }
            ]
        },
        {
            "name": "Activities (Acara)",
            "item": [
                {
                    "name": "List Activities",
                    "request": {
                        "method": "GET",
                        "header": [
                            {
                                "key": "Accept",
                                "value": "application/json"
                            }
                        ],
                        "url": {
                            "raw": "{{base_url}}/activities",
                            "host": [
                                "{{base_url}}"
                            ],
                            "path": [
                                "activities"
                            ]
                        }
                    }
                },
                {
                    "name": "Create Activity",
                    "request": {
                        "method": "POST",
                        "header": [
                            {
                                "key": "Accept",
                                "value": "application/json"
                            }
                        ],
                        "body": {
                            "mode": "raw",
                            "raw": "{\n    \"title\": \"Meeting\",\n    \"desk\": \"Discuss project\",\n    \"date\": \"2025-12-30\",\n    \"time\": \"10:00\",\n    \"reminder\": \"1 hour before\"\n}",
                            "options": {
                                "raw": {
                                    "language": "json"
                                }
                            }
                        },
                        "url": {
                            "raw": "{{base_url}}/activities",
                            "host": [
                                "{{base_url}}"
                            ],
                            "path": [
                                "activities"
                            ]
                        }
                    }
                },
                {
                    "name": "Show Activity",
                    "request": {
                        "method": "GET",
                        "header": [
                            {
                                "key": "Accept",
                                "value": "application/json"
                            }
                        ],
                        "url": {
                            "raw": "{{base_url}}/activities/1",
                            "host": [
                                "{{base_url}}"
                            ],
                            "path": [
                                "activities",
                                "1"
                            ]
                        }
                    }
                }
            ]
        },
        {
            "name": "Tasks (Tugas)",
            "item": [
                {
                    "name": "List Tasks",
                    "request": {
                        "method": "GET",
                        "header": [
                            {
                                "key": "Accept",
                                "value": "application/json"
                            }
                        ],
                        "url": {
                            "raw": "{{base_url}}/tasks",
                            "host": [
                                "{{base_url}}"
                            ],
                            "path": [
                                "tasks"
                            ]
                        }
                    }
                },
                {
                    "name": "Create Task",
                    "request": {
                        "method": "POST",
                        "header": [
                            {
                                "key": "Accept",
                                "value": "application/json"
                            }
                        ],
                        "body": {
                            "mode": "raw",
                            "raw": "{\n    \"title\": \"Finish Report\",\n    \"description\": \"Complete the yearly report\",\n    \"priority\": \"high\",\n    \"due_date\": \"2025-12-31\"\n}",
                            "options": {
                                "raw": {
                                    "language": "json"
                                }
                            }
                        },
                        "url": {
                            "raw": "{{base_url}}/tasks",
                            "host": [
                                "{{base_url}}"
                            ],
                            "path": [
                                "tasks"
                            ]
                        }
                    }
                },
                {
                    "name": "Mark Complete",
                    "request": {
                        "method": "PATCH",
                        "header": [
                            {
                                "key": "Accept",
                                "value": "application/json"
                            }
                        ],
                        "url": {
                            "raw": "{{base_url}}/tasks/1/complete",
                            "host": [
                                "{{base_url}}"
                            ],
                            "path": [
                                "tasks",
                                "1",
                                "complete"
                            ]
                        }
                    }
                }
            ]
        }
    ]
}